<?xml version="1.0" encoding="UTF-8"?>
<project-private xmlns="http://www.netbeans.org/ns/project-private/1">
    <editor-bookmarks xmlns="http://www.netbeans.org/ns/editor-bookmarks/2" lastBookmarkId="0"/>
    <open-files xmlns="http://www.netbeans.org/ns/projectui-open-files/2">
        <group>
            <file>file:/O:/22-SPRING/CIS%202571/WEEK-13/TestGeometry/src/testgeometry/Octagon.java</file>
            <file>file:/O:/22-SPRING/CIS%202571/WEEK-13/TestGeometry/src/testgeometry/TestGeometry.java</file>
            <file>file:/O:/22-SPRING/CIS%202571/WEEK-13/TestGeometry/src/testgeometry/GeometricObject.java</file>
        </group>
    </open-files>
</project-private>
