<?xml version="1.0" encoding="UTF-8"?>
<project-private xmlns="http://www.netbeans.org/ns/project-private/1">
    <editor-bookmarks xmlns="http://www.netbeans.org/ns/editor-bookmarks/2" lastBookmarkId="0"/>
    <open-files xmlns="http://www.netbeans.org/ns/projectui-open-files/2">
        <group>
            <file>file:/Users/Vashishth/OneDrive%20-%20College%20of%20DuPage/22-SPRING/CIS%202571/WEEK-11/Stack/src/stack/Stack.java</file>
            <file>file:/Users/Vashishth/OneDrive%20-%20College%20of%20DuPage/22-SPRING/CIS%202571/WEEK-11/Stack/src/stack/NewStack.java</file>
        </group>
    </open-files>
</project-private>
